{
    "Hills": [
    ],
    "Targets": [
        {
            "Id": 10000,
            "X": -7.98,
            "Y": 1.23
        },
        {
            "Id": 10001,
            "X": 8.16,
            "Y": 2.27
        }
    ],
    "Trappy_Circles": [
        {
            "Id": 20000,
            "Radius": 2.41867,
            "X": -6.44,
            "Y": 3.95
        },
        {
            "Id": 20001,
            "Radius": 4.178085,
            "X": 0.32,
            "Y": 1.17
        }
    ],
    "Trappy_Lines": [
    ]
}
